Word,Letter1,Letter2,Letter3,Letter4,Letter5
aback,a,b,a,c,k
abase,a,b,a,s,e
abate,a,b,a,t,e
abaya,a,b,a,y,a
abbey,a,b,b,e,y
abbot,a,b,b,o,t
abets,a,b,e,t,s
abhor,a,b,h,o,r
abide,a,b,i,d,e
abode,a,b,o,d,e
abort,a,b,o,r,t
about,a,b,o,u,t
above,a,b,o,v,e
abuse,a,b,u,s,e
abuts,a,b,u,t,s
abyss,a,b,y,s,s
ached,a,c,h,e,d
aches,a,c,h,e,s
acids,a,c,i,d,s
acing,a,c,i,n,g
ackee,a,c,k,e,e
acorn,a,c,o,r,n
acres,a,c,r,e,s
acrid,a,c,r,i,d
acted,a,c,t,e,d
actin,a,c,t,i,n
actor,a,c,t,o,r
acute,a,c,u,t,e
adage,a,d,a,g,e
adapt,a,d,a,p,t
added,a,d,d,e,d
adder,a,d,d,e,r
addle,a,d,d,l,e
adept,a,d,e,p,t
adieu,a,d,i,e,u
adios,a,d,i,o,s
adits,a,d,i,t,s
adman,a,d,m,a,n
admin,a,d,m,i,n
admit,a,d,m,i,t
adobe,a,d,o,b,e
adobo,a,d,o,b,o
adopt,a,d,o,p,t
adore,a,d,o,r,e
adorn,a,d,o,r,n
adult,a,d,u,l,t
adzes,a,d,z,e,s
aegis,a,e,g,i,s
aeons,a,e,o,n,s
aerie,a,e,r,i,e
affix,a,f,f,i,x
afire,a,f,i,r,e
afoot,a,f,o,o,t
afore,a,f,o,r,e
after,a,f,t,e,r
again,a,g,a,i,n
agape,a,g,a,p,e
agate,a,g,a,t,e
agave,a,g,a,v,e
agent,a,g,e,n,t
aggro,a,g,g,r,o
agile,a,g,i,l,e
aging,a,g,i,n,g
aglow,a,g,l,o,w
agony,a,g,o,n,y
agora,a,g,o,r,a
agree,a,g,r,e,e
ahead,a,h,e,a,d
ahold,a,h,o,l,d
aided,a,i,d,e,d
aider,a,i,d,e,r
aides,a,i,d,e,s
ailed,a,i,l,e,d
aimed,a,i,m,e,d
aimer,a,i,m,e,r
aioli,a,i,o,l,i
aired,a,i,r,e,d
aisle,a,i,s,l,e
alarm,a,l,a,r,m
album,a,l,b,u,m
alder,a,l,d,e,r
aleph,a,l,e,p,h
alert,a,l,e,r,t
algae,a,l,g,a,e
algal,a,l,g,a,l
alias,a,l,i,a,s
alibi,a,l,i,b,i
alien,a,l,i,e,n
align,a,l,i,g,n
alike,a,l,i,k,e
alive,a,l,i,v,e
alkyd,a,l,k,y,d
alkyl,a,l,k,y,l
allay,a,l,l,a,y
alley,a,l,l,e,y
allot,a,l,l,o,t
allow,a,l,l,o,w
alloy,a,l,l,o,y
allyl,a,l,l,y,l
aloes,a,l,o,e,s
aloft,a,l,o,f,t
aloha,a,l,o,h,a
alone,a,l,o,n,e
along,a,l,o,n,g
aloof,a,l,o,o,f
aloud,a,l,o,u,d
alpha,a,l,p,h,a
altar,a,l,t,a,r
alter,a,l,t,e,r
altos,a,l,t,o,s
alums,a,l,u,m,s
amass,a,m,a,s,s
amaze,a,m,a,z,e
amber,a,m,b,e,r
ambit,a,m,b,i,t
amble,a,m,b,l,e
ambos,a,m,b,o,s
amend,a,m,e,n,d
amide,a,m,i,d,e
amine,a,m,i,n,e
amino,a,m,i,n,o
amiss,a,m,i,s,s
amity,a,m,i,t,y
amnio,a,m,n,i,o
among,a,m,o,n,g
amour,a,m,o,u,r
amped,a,m,p,e,d
ample,a,m,p,l,e
amply,a,m,p,l,y
amuse,a,m,u,s,e
ancho,a,n,c,h,o
angel,a,n,g,e,l
anger,a,n,g,e,r
angle,a,n,g,l,e
angry,a,n,g,r,y
angst,a,n,g,s,t
anima,a,n,i,m,a
anime,a,n,i,m,e
anion,a,n,i,o,n
anise,a,n,i,s,e
ankle,a,n,k,l,e
annas,a,n,n,a,s
annex,a,n,n,e,x
annoy,a,n,n,o,y
annul,a,n,n,u,l
anode,a,n,o,d,e
anole,a,n,o,l,e
antic,a,n,t,i,c
antis,a,n,t,i,s
antsy,a,n,t,s,y
anvil,a,n,v,i,l
aorta,a,o,r,t,a
apace,a,p,a,c,e
apart,a,p,a,r,t
aphid,a,p,h,i,d
apnea,a,p,n,e,a
apple,a,p,p,l,e
apply,a,p,p,l,y
apron,a,p,r,o,n
apses,a,p,s,e,s
apter,a,p,t,e,r
aptly,a,p,t,l,y
aquas,a,q,u,a,s
arbor,a,r,b,o,r
ardor,a,r,d,o,r
areal,a,r,e,a,l
areas,a,r,e,a,s
areca,a,r,e,c,a
arena,a,r,e,n,a
argon,a,r,g,o,n
argot,a,r,g,o,t
argue,a,r,g,u,e
argus,a,r,g,u,s
arias,a,r,i,a,s
arils,a,r,i,l,s
arise,a,r,i,s,e
armed,a,r,m,e,d
armor,a,r,m,o,r
aroma,a,r,o,m,a
arose,a,r,o,s,e
array,a,r,r,a,y
arrow,a,r,r,o,w
arses,a,r,s,e,s
arson,a,r,s,o,n
artsy,a,r,t,s,y
asana,a,s,a,n,a
ascot,a,s,c,o,t
ashen,a,s,h,e,n
ashes,a,s,h,e,s
aside,a,s,i,d,e
asked,a,s,k,e,d
asker,a,s,k,e,r
askew,a,s,k,e,w
aspen,a,s,p,e,n
aspic,a,s,p,i,c
assay,a,s,s,a,y
asses,a,s,s,e,s
asset,a,s,s,e,t
aster,a,s,t,e,r
astir,a,s,t,i,r
asura,a,s,u,r,a
atlas,a,t,l,a,s
atman,a,t,m,a,n
atoll,a,t,o,l,l
atoms,a,t,o,m,s
atone,a,t,o,n,e
atopy,a,t,o,p,y
attic,a,t,t,i,c
audio,a,u,d,i,o
audit,a,u,d,i,t
auger,a,u,g,e,r
aught,a,u,g,h,t
augur,a,u,g,u,r
aunts,a,u,n,t,s
aunty,a,u,n,t,y
aural,a,u,r,a,l
auras,a,u,r,a,s
autos,a,u,t,o,s
auxin,a,u,x,i,n
avail,a,v,a,i,l
avers,a,v,e,r,s
avert,a,v,e,r,t
avian,a,v,i,a,n
avoid,a,v,o,i,d
avows,a,v,o,w,s
await,a,w,a,i,t
awake,a,w,a,k,e
award,a,w,a,r,d
aware,a,w,a,r,e
awash,a,w,a,s,h
awful,a,w,f,u,l
awoke,a,w,o,k,e
axels,a,x,e,l,s
axial,a,x,i,a,l
axils,a,x,i,l,s
axing,a,x,i,n,g
axiom,a,x,i,o,m
axion,a,x,i,o,n
axles,a,x,l,e,s
axons,a,x,o,n,s
azide,a,z,i,d,e
azole,a,z,o,l,e
azure,a,z,u,r,e
babel,b,a,b,e,l
babes,b,a,b,e,s
babka,b,a,b,k,a
backs,b,a,c,k,s
bacon,b,a,c,o,n
baddy,b,a,d,d,y
badge,b,a,d,g,e
badly,b,a,d,l,y
bagel,b,a,g,e,l
baggy,b,a,g,g,y
bails,b,a,i,l,s
bairn,b,a,i,r,n
baits,b,a,i,t,s
baize,b,a,i,z,e
baked,b,a,k,e,d
baker,b,a,k,e,r
bakes,b,a,k,e,s
baldy,b,a,l,d,y
baled,b,a,l,e,d
baler,b,a,l,e,r
bales,b,a,l,e,s
balks,b,a,l,k,s
balky,b,a,l,k,y
balls,b,a,l,l,s
balms,b,a,l,m,s
balmy,b,a,l,m,y
balsa,b,a,l,s,a
banal,b,a,n,a,l
bands,b,a,n,d,s
bandy,b,a,n,d,y
banes,b,a,n,e,s
bangs,b,a,n,g,s
banjo,b,a,n,j,o
banks,b,a,n,k,s
barbs,b,a,r,b,s
bards,b,a,r,d,s
bared,b,a,r,e,d
barer,b,a,r,e,r
bares,b,a,r,e,s
barge,b,a,r,g,e
barks,b,a,r,k,s
barmy,b,a,r,m,y
barns,b,a,r,n,s
baron,b,a,r,o,n
barre,b,a,r,r,e
basal,b,a,s,a,l
based,b,a,s,e,d
baser,b,a,s,e,r
bases,b,a,s,e,s
basic,b,a,s,i,c
basil,b,a,s,i,l
basin,b,a,s,i,n
basis,b,a,s,i,s
basks,b,a,s,k,s
basso,b,a,s,s,o
bassy,b,a,s,s,y
baste,b,a,s,t,e
batch,b,a,t,c,h
bated,b,a,t,e,d
bathe,b,a,t,h,e
baths,b,a,t,h,s
batik,b,a,t,i,k
baton,b,a,t,o,n
batts,b,a,t,t,s
batty,b,a,t,t,y
bawdy,b,a,w,d,y
bawls,b,a,w,l,s
bayed,b,a,y,e,d
bayou,b,a,y,o,u
beach,b,e,a,c,h
beads,b,e,a,d,s
beady,b,e,a,d,y
beaks,b,e,a,k,s
beams,b,e,a,m,s
beamy,b,e,a,m,y
beans,b,e,a,n,s
beard,b,e,a,r,d
bears,b,e,a,r,s
beast,b,e,a,s,t
beats,b,e,a,t,s
beaus,b,e,a,u,s
beaut,b,e,a,u,t
beaux,b,e,a,u,x
bebop,b,e,b,o,p
becks,b,e,c,k,s
beech,b,e,e,c,h
beefs,b,e,e,f,s
beefy,b,e,e,f,y
beeps,b,e,e,p,s
beers,b,e,e,r,s
beery,b,e,e,r,y
beets,b,e,e,t,s
befit,b,e,f,i,t
began,b,e,g,a,n
beget,b,e,g,e,t
begin,b,e,g,i,n
begun,b,e,g,u,n
beige,b,e,i,g,e
being,b,e,i,n,g
belay,b,e,l,a,y
belch,b,e,l,c,h
belie,b,e,l,i,e
belle,b,e,l,l,e
bells,b,e,l,l,s
belly,b,e,l,l,y
below,b,e,l,o,w
belts,b,e,l,t,s
bench,b,e,n,c,h
bends,b,e,n,d,s
bendy,b,e,n,d,y
bento,b,e,n,t,o
bents,b,e,n,t,s
beret,b,e,r,e,t
bergs,b,e,r,g,s
berms,b,e,r,m,s
berry,b,e,r,r,y
berth,b,e,r,t,h
beryl,b,e,r,y,l
beset,b,e,s,e,t
bests,b,e,s,t,s
betas,b,e,t,a,s
betel,b,e,t,e,l
betta,b,e,t,t,a
bevel,b,e,v,e,l
bezel,b,e,z,e,l
bhaji,b,h,a,j,i
bible,b,i,b,l,e
bicep,b,i,c,e,p
biddy,b,i,d,d,y
bided,b,i,d,e,d
bides,b,i,d,e,s
bidet,b,i,d,e,t
bight,b,i,g,h,t
bigot,b,i,g,o,t
bijou,b,i,j,o,u
biked,b,i,k,e,d
biker,b,i,k,e,r
bikes,b,i,k,e,s
biles,b,i,l,e,s
bilge,b,i,l,g,e
bills,b,i,l,l,s
billy,b,i,l,l,y
bimbo,b,i,m,b,o
bindi,b,i,n,d,i
binds,b,i,n,d,s
binge,b,i,n,g,e
bingo,b,i,n,g,o
biome,b,i,o,m,e
biota,b,i,o,t,a
bipod,b,i,p,o,d
birch,b,i,r,c,h
birds,b,i,r,d,s
birth,b,i,r,t,h
bison,b,i,s,o,n
bitch,b,i,t,c,h
biter,b,i,t,e,r
bites,b,i,t,e,s
bitsy,b,i,t,s,y
bitty,b,i,t,t,y
black,b,l,a,c,k
blade,b,l,a,d,e
blame,b,l,a,m,e
bland,b,l,a,n,d
blank,b,l,a,n,k
blare,b,l,a,r,e
blase,b,l,a,s,e
blast,b,l,a,s,t
blaze,b,l,a,z,e
bleak,b,l,e,a,k
bleat,b,l,e,a,t
blebs,b,l,e,b,s
bleed,b,l,e,e,d
bleep,b,l,e,e,p
blend,b,l,e,n,d
bless,b,l,e,s,s
blimp,b,l,i,m,p
blind,b,l,i,n,d
bling,b,l,i,n,g
blini,b,l,i,n,i
blink,b,l,i,n,k
blips,b,l,i,p,s
bliss,b,l,i,s,s
blitz,b,l,i,t,z
bloat,b,l,o,a,t
blobs,b,l,o,b,s
block,b,l,o,c,k
blocs,b,l,o,c,s
blogs,b,l,o,g,s
bloke,b,l,o,k,e
blond,b,l,o,n,d
blood,b,l,o,o,d
bloom,b,l,o,o,m
bloop,b,l,o,o,p
blots,b,l,o,t,s
blown,b,l,o,w,n
blows,b,l,o,w,s
blued,b,l,u,e,d
blues,b,l,u,e,s
bluey,b,l,u,e,y
bluff,b,l,u,f,f
blunt,b,l,u,n,t
blurb,b,l,u,r,b
blurs,b,l,u,r,s
blurt,b,l,u,r,t
blush,b,l,u,s,h
board,b,o,a,r,d
boars,b,o,a,r,s
boast,b,o,a,s,t
boats,b,o,a,t,s
bobby,b,o,b,b,y
bocce,b,o,c,c,e
boche,b,o,c,h,e
boded,b,o,d,e,d
bodes,b,o,d,e,s
boffo,b,o,f,f,o
bogey,b,o,g,e,y
boggy,b,o,g,g,y
bogie,b,o,g,i,e
bogus,b,o,g,u,s
boils,b,o,i,l,s
bolas,b,o,l,a,s
boles,b,o,l,e,s
bolls,b,o,l,l,s
bolts,b,o,l,t,s
bolus,b,o,l,u,s
bombe,b,o,m,b,e
bombs,b,o,m,b,s
bonds,b,o,n,d,s
boned,b,o,n,e,d
boner,b,o,n,e,r
bones,b,o,n,e,s
boney,b,o,n,e,y
bongo,b,o,n,g,o
bongs,b,o,n,g,s
bonks,b,o,n,k,s
bonny,b,o,n,n,y
bonus,b,o,n,u,s
boobs,b,o,o,b,s
booby,b,o,o,b,y
booed,b,o,o,e,d
books,b,o,o,k,s
booms,b,o,o,m,s
boomy,b,o,o,m,y
boons,b,o,o,n,s
boors,b,o,o,r,s
boost,b,o,o,s,t
booth,b,o,o,t,h
boots,b,o,o,t,s
booty,b,o,o,t,y
booze,b,o,o,z,e
boozy,b,o,o,z,y
boppy,b,o,p,p,y
borax,b,o,r,a,x
bored,b,o,r,e,d
borer,b,o,r,e,r
bores,b,o,r,e,s
boric,b,o,r,i,c
borne,b,o,r,n,e
boron,b,o,r,o,n
bosom,b,o,s,o,m
boson,b,o,s,o,n
bossy,b,o,s,s,y
bosun,b,o,s,u,n
botch,b,o,t,c,h
bough,b,o,u,g,h
boule,b,o,u,l,e
bound,b,o,u,n,d
bouts,b,o,u,t,s
bowed,b,o,w,e,d
bowel,b,o,w,e,l
bower,b,o,w,e,r
bowls,b,o,w,l,s
boxed,b,o,x,e,d
boxer,b,o,x,e,r
boxes,b,o,x,e,s
boyar,b,o,y,a,r
boyos,b,o,y,o,s
bozos,b,o,z,o,s
brace,b,r,a,c,e
bract,b,r,a,c,t
brads,b,r,a,d,s
brags,b,r,a,g,s
braid,b,r,a,i,d
brain,b,r,a,i,n
brake,b,r,a,k,e
brand,b,r,a,n,d
brans,b,r,a,n,s
brash,b,r,a,s,h
brass,b,r,a,s,s
brats,b,r,a,t,s
brave,b,r,a,v,e
bravo,b,r,a,v,o
brawl,b,r,a,w,l
brawn,b,r,a,w,n
brays,b,r,a,y,s
braze,b,r,a,z,e
bread,b,r,e,a,d
break,b,r,e,a,k
bream,b,r,e,a,m
breed,b,r,e,e,d
brews,b,r,e,w,s
briar,b,r,i,a,r
bribe,b,r,i,b,e
brick,b,r,i,c,k
bride,b,r,i,d,e
brief,b,r,i,e,f
brier,b,r,i,e,r
brigs,b,r,i,g,s
brims,b,r,i,m,s
brine,b,r,i,n,e
bring,b,r,i,n,g
brink,b,r,i,n,k
briny,b,r,i,n,y
brisk,b,r,i,s,k
brits,b,r,i,t,s
broad,b,r,o,a,d
broch,b,r,o,c,h
broil,b,r,o,i,l
broke,b,r,o,k,e
brome,b,r,o,m,e
bronc,b,r,o,n,c
brood,b,r,o,o,d
brook,b,r,o,o,k
broom,b,r,o,o,m
broth,b,r,o,t,h
brown,b,r,o,w,n
brows,b,r,o,w,s
bruin,b,r,u,i,n
bruit,b,r,u,i,t
brunt,b,r,u,n,t
brush,b,r,u,s,h
brute,b,r,u,t,e
bubba,b,u,b,b,a
bucks,b,u,c,k,s
buddy,b,u,d,d,y
budge,b,u,d,g,e
buffs,b,u,f,f,s
buggy,b,u,g,g,y
bugle,b,u,g,l,e
build,b,u,i,l,d
built,b,u,i,l,t
bulbs,b,u,l,b,s
bulge,b,u,l,g,e
bulks,b,u,l,k,s
bulky,b,u,l,k,y
bulla,b,u,l,l,a
bulls,b,u,l,l,s
bully,b,u,l,l,y
bumps,b,u,m,p,s
bumpy,b,u,m,p,y
bunch,b,u,n,c,h
bunds,b,u,n,d,s
bundt,b,u,n,d,t
bunks,b,u,n,k,s
bunny,b,u,n,n,y
bunts,b,u,n,t,s
buoys,b,u,o,y,s
burbs,b,u,r,b,s
burgs,b,u,r,g,s
burka,b,u,r,k,a
burly,b,u,r,l,y
burns,b,u,r,n,s
burnt,b,u,r,n,t
burps,b,u,r,p,s
burqa,b,u,r,q,a
burro,b,u,r,r,o
burrs,b,u,r,r,s
bursa,b,u,r,s,a
burst,b,u,r,s,t
bused,b,u,s,e,d
buses,b,u,s,e,s
bushy,b,u,s,h,y
busts,b,u,s,t,s
busty,b,u,s,t,y
butch,b,u,t,c,h
butte,b,u,t,t,e
butts,b,u,t,t,s
buxom,b,u,x,o,m
buyer,b,u,y,e,r
buzzy,b,u,z,z,y
bylaw,b,y,l,a,w
byres,b,y,r,e,s
bytes,b,y,t,e,s
byway,b,y,w,a,y
cabal,c,a,b,a,l
cabby,c,a,b,b,y
caber,c,a,b,e,r
cabin,c,a,b,i,n
cable,c,a,b,l,e
cacao,c,a,c,a,o
cache,c,a,c,h,e
cacti,c,a,c,t,i
caddy,c,a,d,d,y
cadet,c,a,d,e,t
cadre,c,a,d,r,e
cafes,c,a,f,e,s
caged,c,a,g,e,d
cages,c,a,g,e,s
cagey,c,a,g,e,y
cairn,c,a,i,r,n
caked,c,a,k,e,d
cakes,c,a,k,e,s
cakey,c,a,k,e,y
calfs,c,a,l,f,s
calif,c,a,l,i,f
calla,c,a,l,l,a
calls,c,a,l,l,s
calms,c,a,l,m,s
calve,c,a,l,v,e
calyx,c,a,l,y,x
camel,c,a,m,e,l
cameo,c,a,m,e,o
campo,c,a,m,p,o
camps,c,a,m,p,s
campy,c,a,m,p,y
canal,c,a,n,a,l
candy,c,a,n,d,y
caned,c,a,n,e,d
canes,c,a,n,e,s
canid,c,a,n,i,d
canna,c,a,n,n,a
canny,c,a,n,n,y
canoe,c,a,n,o,e
canon,c,a,n,o,n
canto,c,a,n,t,o
caped,c,a,p,e,d
caper,c,a,p,e,r
capes,c,a,p,e,s
capon,c,a,p,o,n
capos,c,a,p,o,s
caput,c,a,p,u,t
carat,c,a,r,a,t
carbo,c,a,r,b,o
carbs,c,a,r,b,s
cards,c,a,r,d,s
cared,c,a,r,e,d
carer,c,a,r,e,r
cares,c,a,r,e,s
cargo,c,a,r,g,o
carob,c,a,r,o,b
carol,c,a,r,o,l
carom,c,a,r,o,m
carps,c,a,r,p,s
carry,c,a,r,r,y
carte,c,a,r,t,e
carts,c,a,r,t,s
carve,c,a,r,v,e
cased,c,a,s,e,d
cases,c,a,s,e,s
casks,c,a,s,k,s
caste,c,a,s,t,e
casts,c,a,s,t,s
catch,c,a,t,c,h
cater,c,a,t,e,r
catty,c,a,t,t,y
caulk,c,a,u,l,k
cause,c,a,u,s,e
caved,c,a,v,e,d
caver,c,a,v,e,r
caves,c,a,v,e,s
cavil,c,a,v,i,l
cease,c,e,a,s,e
cecal,c,e,c,a,l
cecum,c,e,c,u,m
cedar,c,e,d,a,r
ceded,c,e,d,e,d
cedes,c,e,d,e,s
ceili,c,e,i,l,i
celeb,c,e,l,e,b
cello,c,e,l,l,o
cells,c,e,l,l,s
celts,c,e,l,t,s
cents,c,e,n,t,s
chads,c,h,a,d,s
chafe,c,h,a,f,e
chaff,c,h,a,f,f
chain,c,h,a,i,n
chair,c,h,a,i,r
chalk,c,h,a,l,k
champ,c,h,a,m,p
chana,c,h,a,n,a
chant,c,h,a,n,t
chaos,c,h,a,o,s
chaps,c,h,a,p,s
chard,c,h,a,r,d
charm,c,h,a,r,m
chars,c,h,a,r,s
chart,c,h,a,r,t
chase,c,h,a,s,e
chasm,c,h,a,s,m
chats,c,h,a,t,s
cheap,c,h,e,a,p
cheat,c,h,e,a,t
check,c,h,e,c,k
cheek,c,h,e,e,k
cheep,c,h,e,e,p
cheer,c,h,e,e,r
chefs,c,h,e,f,s
chemo,c,h,e,m,o
chert,c,h,e,r,t
chess,c,h,e,s,s
chest,c,h,e,s,t
chews,c,h,e,w,s
chewy,c,h,e,w,y
chica,c,h,i,c,a
chick,c,h,i,c,k
chico,c,h,i,c,o
chide,c,h,i,d,e
chief,c,h,i,e,f
child,c,h,i,l,d
chile,c,h,i,l,e
chili,c,h,i,l,i
chill,c,h,i,l,l
chime,c,h,i,m,e
chimp,c,h,i,m,p
china,c,h,i,n,a
chine,c,h,i,n,e
ching,c,h,i,n,g
chino,c,h,i,n,o
chins,c,h,i,n,s
chips,c,h,i,p,s
chirp,c,h,i,r,p
chits,c,h,i,t,s
chive,c,h,i,v,e
chock,c,h,o,c,k
choir,c,h,o,i,r
choke,c,h,o,k,e
chomp,c,h,o,m,p
chops,c,h,o,p,s
chord,c,h,o,r,d
chore,c,h,o,r,e
chose,c,h,o,s,e
chows,c,h,o,w,s
chubs,c,h,u,b,s
chuck,c,h,u,c,k
chuff,c,h,u,f,f
chugs,c,h,u,g,s
chump,c,h,u,m,p
chums,c,h,u,m,s
chunk,c,h,u,n,k
churn,c,h,u,r,n
chute,c,h,u,t,e
cider,c,i,d,e,r
cigar,c,i,g,a,r
cinch,c,i,n,c,h
circa,c,i,r,c,a
cisco,c,i,s,c,o
cited,c,i,t,e,d
cites,c,i,t,e,s
civet,c,i,v,e,t
civic,c,i,v,i,c
civil,c,i,v,i,l
civvy,c,i,v,v,y
clack,c,l,a,c,k
clade,c,l,a,d,e
claim,c,l,a,i,m
clamp,c,l,a,m,p
clams,c,l,a,m,s
clang,c,l,a,n,g
clank,c,l,a,n,k
clans,c,l,a,n,s
claps,c,l,a,p,s
clash,c,l,a,s,h
clasp,c,l,a,s,p
class,c,l,a,s,s
clave,c,l,a,v,e
claws,c,l,a,w,s
clays,c,l,a,y,s
clean,c,l,e,a,n
clear,c,l,e,a,r
cleat,c,l,e,a,t
clefs,c,l,e,f,s
cleft,c,l,e,f,t
clerk,c,l,e,r,k
click,c,l,i,c,k
cliff,c,l,i,f,f
climb,c,l,i,m,b
clime,c,l,i,m,e
cline,c,l,i,n,e
cling,c,l,i,n,g
clink,c,l,i,n,k
clips,c,l,i,p,s
cloak,c,l,o,a,k
clock,c,l,o,c,k
clods,c,l,o,d,s
clogs,c,l,o,g,s
clomp,c,l,o,m,p
clone,c,l,o,n,e
close,c,l,o,s,e
cloth,c,l,o,t,h
clots,c,l,o,t,s
cloud,c,l,o,u,d
clout,c,l,o,u,t
clove,c,l,o,v,e
clown,c,l,o,w,n
clubs,c,l,u,b,s
cluck,c,l,u,c,k
clued,c,l,u,e,d
clues,c,l,u,e,s
clump,c,l,u,m,p
clung,c,l,u,n,g
clunk,c,l,u,n,k
coach,c,o,a,c,h
coals,c,o,a,l,s
coast,c,o,a,s,t
coati,c,o,a,t,i
coats,c,o,a,t,s
cobia,c,o,b,i,a
cobra,c,o,b,r,a
cocci,c,o,c,c,i
cocks,c,o,c,k,s
cocky,c,o,c,k,y
cocoa,c,o,c,o,a
codas,c,o,d,a,s
codec,c,o,d,e,c
coded,c,o,d,e,d
coder,c,o,d,e,r
codes,c,o,d,e,s
codex,c,o,d,e,x
codon,c,o,d,o,n
coeds,c,o,e,d,s
cohos,c,o,h,o,s
coifs,c,o,i,f,s
coils,c,o,i,l,s
coins,c,o,i,n,s
cokes,c,o,k,e,s
colas,c,o,l,a,s
colds,c,o,l,d,s
coles,c,o,l,e,s
colic,c,o,l,i,c
colin,c,o,l,i,n
colon,c,o,l,o,n
color,c,o,l,o,r
colts,c,o,l,t,s
comas,c,o,m,a,s
combo,c,o,m,b,o
combs,c,o,m,b,s
comer,c,o,m,e,r
comes,c,o,m,e,s
comet,c,o,m,e,t
comfy,c,o,m,f,y
comic,c,o,m,i,c
comma,c,o,m,m,a
commo,c,o,m,m,o
compo,c,o,m,p,o
comps,c,o,m,p,s
comte,c,o,m,t,e
conch,c,o,n,c,h
condo,c,o,n,d,o
coned,c,o,n,e,d
cones,c,o,n,e,s
conga,c,o,n,g,a
congo,c,o,n,g,o
conic,c,o,n,i,c
conks,c,o,n,k,s
cooed,c,o,o,e,d
cooks,c,o,o,k,s
cools,c,o,o,l,s
coops,c,o,o,p,s
coopt,c,o,o,p,t
coped,c,o,p,e,d
copes,c,o,p,e,s
copra,c,o,p,r,a
copse,c,o,p,s,e
coral,c,o,r,a,l
cords,c,o,r,d,s
cored,c,o,r,e,d
corer,c,o,r,e,r
cores,c,o,r,e,s
corgi,c,o,r,g,i
corks,c,o,r,k,s
corky,c,o,r,k,y
corms,c,o,r,m,s
corns,c,o,r,n,s
cornu,c,o,r,n,u
corny,c,o,r,n,y
corps,c,o,r,p,s
costs,c,o,s,t,s
cotta,c,o,t,t,a
couch,c,o,u,c,h
cough,c,o,u,g,h
could,c,o,u,l,d
count,c,o,u,n,t
coupe,c,o,u,p,e
coups,c,o,u,p,s
court,c,o,u,r,t
coven,c,o,v,e,n
cover,c,o,v,e,r
coves,c,o,v,e,s
covet,c,o,v,e,t
covey,c,o,v,e,y
cowed,c,o,w,e,d
cower,c,o,w,e,r
cowls,c,o,w,l,s
coyly,c,o,y,l,y
crabs,c,r,a,b,s
crack,c,r,a,c,k
craft,c,r,a,f,t
crags,c,r,a,g,s
cramp,c,r,a,m,p
crams,c,r,a,m,s
crane,c,r,a,n,e
crank,c,r,a,n,k
crape,c,r,a,p,e
craps,c,r,a,p,s
crash,c,r,a,s,h
crass,c,r,a,s,s
crate,c,r,a,t,e
crave,c,r,a,v,e
crawl,c,r,a,w,l
craws,c,r,a,w,s
craze,c,r,a,z,e
crazy,c,r,a,z,y
creak,c,r,e,a,k
cream,c,r,e,a,m
credo,c,r,e,d,o
creed,c,r,e,e,d
creek,c,r,e,e,k
creel,c,r,e,e,l
creep,c,r,e,e,p
creme,c,r,e,m,e
crepe,c,r,e,p,e
crept,c,r,e,p,t
cress,c,r,e,s,s
crest,c,r,e,s,t
crews,c,r,e,w,s
cribs,c,r,i,b,s
crick,c,r,i,c,k
cried,c,r,i,e,d
crier,c,r,i,e,r
cries,c,r,i,e,s
crime,c,r,i,m,e
crimp,c,r,i,m,p
crisp,c,r,i,s,p
crits,c,r,i,t,s
croak,c,r,o,a,k
crock,c,r,o,c,k
crocs,c,r,o,c,s
croft,c,r,o,f,t
crone,c,r,o,n,e
crony,c,r,o,n,y
crook,c,r,o,o,k
croon,c,r,o,o,n
crops,c,r,o,p,s
cross,c,r,o,s,s
croup,c,r,o,u,p
crowd,c,r,o,w,d
crown,c,r,o,w,n
crows,c,r,o,w,s
crude,c,r,u,d,e
cruel,c,r,u,e,l
cruet,c,r,u,e,t
crumb,c,r,u,m,b
cruse,c,r,u,s,e
crush,c,r,u,s,h
crust,c,r,u,s,t
crypt,c,r,y,p,t
cubby,c,u,b,b,y
cubed,c,u,b,e,d
cubes,c,u,b,e,s
cubic,c,u,b,i,c
cubit,c,u,b,i,t
cuddy,c,u,d,d,y
cuffs,c,u,f,f,s
culls,c,u,l,l,s
culpa,c,u,l,p,a
cults,c,u,l,t,s
cumin,c,u,m,i,n
cupid,c,u,p,i,d
cuppa,c,u,p,p,a
curbs,c,u,r,b,s
curds,c,u,r,d,s
cured,c,u,r,e,d
cures,c,u,r,e,s
curia,c,u,r,i,a
curio,c,u,r,i,o
curls,c,u,r,l,s
curly,c,u,r,l,y
curry,c,u,r,r,y
curse,c,u,r,s,e
curve,c,u,r,v,e
curvy,c,u,r,v,y
cushy,c,u,s,h,y
cusps,c,u,s,p,s
cuter,c,u,t,e,r
cutie,c,u,t,i,e
cutis,c,u,t,i,s
cutup,c,u,t,u,p
cycad,c,y,c,a,d
cycle,c,y,c,l,e
cyclo,c,y,c,l,o
cynic,c,y,n,i,c
cysts,c,y,s,t,s
czars,c,z,a,r,s
dacha,d,a,c,h,a
daddy,d,a,d,d,y
dados,d,a,d,o,s
daffy,d,a,f,f,y
daily,d,a,i,l,y
dairy,d,a,i,r,y
daisy,d,a,i,s,y
dales,d,a,l,e,s
dames,d,a,m,e,s
damns,d,a,m,n,s
damps,d,a,m,p,s
dance,d,a,n,c,e
dandy,d,a,n,d,y
dared,d,a,r,e,d
dares,d,a,r,e,s
darks,d,a,r,k,s
darns,d,a,r,n,s
darts,d,a,r,t,s
dashi,d,a,s,h,i
dated,d,a,t,e,d
dater,d,a,t,e,r
dates,d,a,t,e,s
datum,d,a,t,u,m
daubs,d,a,u,b,s
daunt,d,a,u,n,t
davit,d,a,v,i,t
dawns,d,a,w,n,s
dazed,d,a,z,e,d
deals,d,e,a,l,s
dealt,d,e,a,l,t
deans,d,e,a,n,s
dears,d,e,a,r,s
deary,d,e,a,r,y
death,d,e,a,t,h
debit,d,e,b,i,t
debts,d,e,b,t,s
debug,d,e,b,u,g
debut,d,e,b,u,t
decaf,d,e,c,a,f
decal,d,e,c,a,l
decay,d,e,c,a,y
decks,d,e,c,k,s
decor,d,e,c,o,r
decoy,d,e,c,o,y
decry,d,e,c,r,y
deeds,d,e,e,d,s
deems,d,e,e,m,s
deeps,d,e,e,p,s
deers,d,e,e,r,s
defer,d,e,f,e,r
deify,d,e,i,f,y
deign,d,e,i,g,n
deism,d,e,i,s,m
deist,d,e,i,s,t
deity,d,e,i,t,y
dekes,d,e,k,e,s
delay,d,e,l,a,y
delft,d,e,l,f,t
delis,d,e,l,i,s
dells,d,e,l,l,s
delta,d,e,l,t,a
delve,d,e,l,v,e
demon,d,e,m,o,n
demos,d,e,m,o,s
demur,d,e,m,u,r
denim,d,e,n,i,m
dense,d,e,n,s,e
dents,d,e,n,t,s
depot,d,e,p,o,t
depth,d,e,p,t,h
derby,d,e,r,b,y
desks,d,e,s,k,s
deter,d,e,t,e,r
detox,d,e,t,o,x
deuce,d,e,u,c,e
devil,d,e,v,i,l
dewar,d,e,w,a,r
dhikr,d,h,i,k,r
dhows,d,h,o,w,s
dials,d,i,a,l,s
diary,d,i,a,r,y
diced,d,i,c,e,d
dices,d,i,c,e,s
dicey,d,i,c,e,y
dicky,d,i,c,k,y
dicta,d,i,c,t,a
diets,d,i,e,t,s
digit,d,i,g,i,t
diked,d,i,k,e,d
dikes,d,i,k,e,s
dills,d,i,l,l,s
dilly,d,i,l,l,y
dimer,d,i,m,e,r
dimes,d,i,m,e,s
dimly,d,i,m,l,y
dinar,d,i,n,a,r
dined,d,i,n,e,d
diner,d,i,n,e,r
dines,d,i,n,e,s
dingo,d,i,n,g,o
dings,d,i,n,g,s
dingy,d,i,n,g,y
dinks,d,i,n,k,s
dinky,d,i,n,k,y
dinos,d,i,n,o,s
diode,d,i,o,d,e
dippy,d,i,p,p,y
direr,d,i,r,e,r
dirge,d,i,r,g,e
dirty,d,i,r,t,y
disco,d,i,s,c,o
discs,d,i,s,c,s
dishy,d,i,s,h,y
disks,d,i,s,k,s
ditch,d,i,t,c,h
ditsy,d,i,t,s,y
ditto,d,i,t,t,o
ditty,d,i,t,t,y
ditzy,d,i,t,z,y
divan,d,i,v,a,n
divas,d,i,v,a,s
dived,d,i,v,e,d
diver,d,i,v,e,r
dives,d,i,v,e,s
divot,d,i,v,o,t
divvy,d,i,v,v,y
dizzy,d,i,z,z,y
docks,d,o,c,k,s
dodge,d,o,d,g,e
dodgy,d,o,d,g,y
dodos,d,o,d,o,s
doers,d,o,e,r,s
doffs,d,o,f,f,s
doges,d,o,g,e,s
doggy,d,o,g,g,y
dogma,d,o,g,m,a
doing,d,o,i,n,g
doled,d,o,l,e,d
doles,d,o,l,e,s
dolls,d,o,l,l,s
dolly,d,o,l,l,y
dolor,d,o,l,o,r
dolts,d,o,l,t,s
domed,d,o,m,e,d
domes,d,o,m,e,s
donee,d,o,n,e,e
dongs,d,o,n,g,s
donna,d,o,n,n,a
donor,d,o,n,o,r
donut,d,o,n,u,t
dooms,d,o,o,m,s
doomy,d,o,o,m,y
doors,d,o,o,r,s
doozy,d,o,o,z,y
doped,d,o,p,e,d
dopes,d,o,p,e,s
dopey,d,o,p,e,y
dorks,d,o,r,k,s
dorky,d,o,r,k,y
dorms,d,o,r,m,s
dosas,d,o,s,a,s
dosed,d,o,s,e,d
doses,d,o,s,e,s
doted,d,o,t,e,d
dotes,d,o,t,e,s
dotty,d,o,t,t,y
doubt,d,o,u,b,t
dough,d,o,u,g,h
doula,d,o,u,l,a
douse,d,o,u,s,e
doves,d,o,v,e,s
dowdy,d,o,w,d,y
dowel,d,o,w,e,l
dower,d,o,w,e,r
downs,d,o,w,n,s
downy,d,o,w,n,y
dowry,d,o,w,r,y
dowse,d,o,w,s,e
doyen,d,o,y,e,n
dozed,d,o,z,e,d
dozen,d,o,z,e,n
dozer,d,o,z,e,r
dozes,d,o,z,e,s
drabs,d,r,a,b,s
draft,d,r,a,f,t
drags,d,r,a,g,s
drain,d,r,a,i,n
drake,d,r,a,k,e
drama,d,r,a,m,a
drams,d,r,a,m,s
drank,d,r,a,n,k
drape,d,r,a,p,e
drawl,d,r,a,w,l
drawn,d,r,a,w,n
draws,d,r,a,w,s
drays,d,r,a,y,s
dread,d,r,e,a,d
dream,d,r,e,a,m
dreck,d,r,e,c,k
dregs,d,r,e,g,s
dress,d,r,e,s,s
dribs,d,r,i,b,s
dried,d,r,i,e,d
drier,d,r,i,e,r
dries,d,r,i,e,s
drift,d,r,i,f,t
drill,d,r,i,l,l
drily,d,r,i,l,y
drink,d,r,i,n,k
drips,d,r,i,p,s
drive,d,r,i,v,e
droid,d,r,o,i,d
droll,d,r,o,l,l
drone,d,r,o,n,e
drool,d,r,o,o,l
droop,d,r,o,o,p
drops,d,r,o,p,s
dross,d,r,o,s,s
drove,d,r,o,v,e
drown,d,r,o,w,n
drugs,d,r,u,g,s
druid,d,r,u,i,d
drums,d,r,u,m,s
drunk,d,r,u,n,k
drupe,d,r,u,p,e
dryad,d,r,y,a,d
dryer,d,r,y,e,r
dryly,d,r,y,l,y
duals,d,u,a,l,s
ducal,d,u,c,a,l
ducat,d,u,c,a,t
duchy,d,u,c,h,y
ducks,d,u,c,k,s
ducky,d,u,c,k,y
ducts,d,u,c,t,s
dudes,d,u,d,e,s
duels,d,u,e,l,s
duets,d,u,e,t,s
duffs,d,u,f,f,s
dukes,d,u,k,e,s
dulls,d,u,l,l,s
dully,d,u,l,l,y
dulse,d,u,l,s,e
dumbo,d,u,m,b,o
dummy,d,u,m,m,y
dumps,d,u,m,p,s
dumpy,d,u,m,p,y
dunce,d,u,n,c,e
dunes,d,u,n,e,s
dunks,d,u,n,k,s
duomo,d,u,o,m,o
duped,d,u,p,e,d
dupes,d,u,p,e,s
dural,d,u,r,a,l
durum,d,u,r,u,m
dusks,d,u,s,k,s
dusky,d,u,s,k,y
dusts,d,u,s,t,s
dusty,d,u,s,t,y
dutch,d,u,t,c,h
duvet,d,u,v,e,t
dwarf,d,w,a,r,f
dweeb,d,w,e,e,b
dwell,d,w,e,l,l
dwelt,d,w,e,l,t
dyads,d,y,a,d,s
dyers,d,y,e,r,s
dying,d,y,i,n,g
dykes,d,y,k,e,s
eager,e,a,g,e,r
eagle,e,a,g,l,e
eared,e,a,r,e,d
earls,e,a,r,l,s
early,e,a,r,l,y
earns,e,a,r,n,s
earth,e,a,r,t,h
eased,e,a,s,e,d
easel,e,a,s,e,l
easer,e,a,s,e,r
eases,e,a,s,e,s
eaten,e,a,t,e,n
eater,e,a,t,e,r
eaves,e,a,v,e,s
ebbed,e,b,b,e,d
ebony,e,b,o,n,y
ebook,e,b,o,o,k
echos,e,c,h,o,s
eclat,e,c,l,a,t
edema,e,d,e,m,a
edged,e,d,g,e,d
edger,e,d,g,e,r
edges,e,d,g,e,s
edict,e,d,i,c,t
edify,e,d,i,f,y
edits,e,d,i,t,s
eejit,e,e,j,i,t
eerie,e,e,r,i,e
egged,e,g,g,e,d
egret,e,g,r,e,t
eider,e,i,d,e,r
eidos,e,i,d,o,s
eight,e,i,g,h,t
eject,e,j,e,c,t
ejido,e,j,i,d,o
eland,e,l,a,n,d
elbow,e,l,b,o,w
elder,e,l,d,e,r
elect,e,l,e,c,t
elegy,e,l,e,g,y
elide,e,l,i,d,e
elite,e,l,i,t,e
elope,e,l,o,p,e
elude,e,l,u,d,e
elute,e,l,u,t,e
elven,e,l,v,e,n
elves,e,l,v,e,s
email,e,m,a,i,l
embed,e,m,b,e,d
ember,e,m,b,e,r
emcee,e,m,c,e,e
emery,e,m,e,r,y
emirs,e,m,i,r,s
emits,e,m,i,t,s
emote,e,m,o,t,e
empty,e,m,p,t,y
enact,e,n,a,c,t
ended,e,n,d,e,d
endow,e,n,d,o,w
enema,e,n,e,m,a
enemy,e,n,e,m,y
enjoy,e,n,j,o,y
ennui,e,n,n,u,i
enoki,e,n,o,k,i
enrol,e,n,r,o,l
ensue,e,n,s,u,e
enter,e,n,t,e,r
entry,e,n,t,r,y
envoy,e,n,v,o,y
eosin,e,o,s,i,n
epics,e,p,i,c,s
epoch,e,p,o,c,h
epoxy,e,p,o,x,y
equal,e,q,u,a,l
equip,e,q,u,i,p
erase,e,r,a,s,e
erect,e,r,e,c,t
ergot,e,r,g,o,t
erode,e,r,o,d,e
erred,e,r,r,e,d
error,e,r,r,o,r
erupt,e,r,u,p,t
essay,e,s,s,a,y
ether,e,t,h,e,r
ethic,e,t,h,i,c
ethos,e,t,h,o,s
ethyl,e,t,h,y,l
etude,e,t,u,d,e
euros,e,u,r,o,s
evade,e,v,a,d,e
evens,e,v,e,n,s
event,e,v,e,n,t
every,e,v,e,r,y
evict,e,v,i,c,t
evils,e,v,i,l,s
evoke,e,v,o,k,e
ewers,e,w,e,r,s
exact,e,x,a,c,t
exalt,e,x,a,l,t
exams,e,x,a,m,s
excel,e,x,c,e,l
execs,e,x,e,c,s
exert,e,x,e,r,t
exile,e,x,i,l,e
exist,e,x,i,s,t
exits,e,x,i,t,s
expat,e,x,p,a,t
expel,e,x,p,e,l
expos,e,x,p,o,s
extol,e,x,t,o,l
extra,e,x,t,r,a
exude,e,x,u,d,e
exult,e,x,u,l,t
exurb,e,x,u,r,b
eying,e,y,i,n,g
eyrie,e,y,r,i,e
fable,f,a,b,l,e
faced,f,a,c,e,d
facer,f,a,c,e,r
faces,f,a,c,e,s
facet,f,a,c,e,t
facia,f,a,c,i,a
facts,f,a,c,t,s
faded,f,a,d,e,d
fader,f,a,d,e,r
fades,f,a,d,e,s
faery,f,a,e,r,y
fails,f,a,i,l,s
faint,f,a,i,n,t
fairs,f,a,i,r,s
fairy,f,a,i,r,y
faith,f,a,i,t,h
faked,f,a,k,e,d
faker,f,a,k,e,r
fakes,f,a,k,e,s
fakie,f,a,k,i,e
fakir,f,a,k,i,r
falls,f,a,l,l,s
famed,f,a,m,e,d
fancy,f,a,n,c,y
fangs,f,a,n,g,s
fanny,f,a,n,n,y
farce,f,a,r,c,e
fared,f,a,r,e,d
fares,f,a,r,e,s
farms,f,a,r,m,s
farts,f,a,r,t,s
fasts,f,a,s,t,s
fatal,f,a,t,a,l
fated,f,a,t,e,d
fates,f,a,t,e,s
fatso,f,a,t,s,o
fatty,f,a,t,t,y
fatwa,f,a,t,w,a
fault,f,a,u,l,t
fauna,f,a,u,n,a
fauns,f,a,u,n,s
favas,f,a,v,a,s
faves,f,a,v,e,s
favor,f,a,v,o,r
fawns,f,a,w,n,s
faxed,f,a,x,e,d
faxes,f,a,x,e,s
fazed,f,a,z,e,d
fazes,f,a,z,e,s
fears,f,e,a,r,s
feast,f,e,a,s,t
feats,f,e,a,t,s
fecal,f,e,c,a,l
feces,f,e,c,e,s
feeds,f,e,e,d,s
feels,f,e,e,l,s
feign,f,e,i,g,n
feint,f,e,i,n,t
fella,f,e,l,l,a
fells,f,e,l,l,s
felon,f,e,l,o,n
felts,f,e,l,t,s
femme,f,e,m,m,e
femur,f,e,m,u,r
fence,f,e,n,c,e
fends,f,e,n,d,s
feral,f,e,r,a,l
feria,f,e,r,i,a
ferns,f,e,r,n,s
ferny,f,e,r,n,y
ferry,f,e,r,r,y
fests,f,e,s,t,s
fetal,f,e,t,a,l
fetch,f,e,t,c,h
feted,f,e,t,e,d
fetes,f,e,t,e,s
fetid,f,e,t,i,d
fetus,f,e,t,u,s
feuds,f,e,u,d,s
fever,f,e,v,e,r
fewer,f,e,w,e,r
fiats,f,i,a,t,s
fiber,f,i,b,e,r
fibre,f,i,b,r,e
fiche,f,i,c,h,e
ficus,f,i,c,u,s
fiefs,f,i,e,f,s
field,f,i,e,l,d
fiend,f,i,e,n,d
fiery,f,i,e,r,y
fifes,f,i,f,e,s
fifth,f,i,f,t,h
fifty,f,i,f,t,y
fight,f,i,g,h,t
filch,f,i,l,c,h
filed,f,i,l,e,d
filer,f,i,l,e,r
files,f,i,l,e,s
filet,f,i,l,e,t
fills,f,i,l,l,s
filly,f,i,l,l,y
films,f,i,l,m,s
filmy,f,i,l,m,y
filth,f,i,l,t,h
final,f,i,n,a,l
finca,f,i,n,c,a
finch,f,i,n,c,h
finds,f,i,n,d,s
fined,f,i,n,e,d
finer,f,i,n,e,r
fines,f,i,n,e,s
finis,f,i,n,i,s
finks,f,i,n,k,s
fiord,f,i,o,r,d
fired,f,i,r,e,d
fires,f,i,r,e,s
firms,f,i,r,m,s
first,f,i,r,s,t
fishy,f,i,s,h,y
fists,f,i,s,t,s
fitly,f,i,t,l,y
fiver,f,i,v,e,r
fives,f,i,v,e,s
fixed,f,i,x,e,d
fixer,f,i,x,e,r
fixes,f,i,x,e,s
fizzy,f,i,z,z,y
fjord,f,j,o,r,d
flack,f,l,a,c,k
flags,f,l,a,g,s
flail,f,l,a,i,l
flair,f,l,a,i,r
flake,f,l,a,k,e
flaky,f,l,a,k,y
flame,f,l,a,m,e
flank,f,l,a,n,k
flans,f,l,a,n,s
flaps,f,l,a,p,s
flare,f,l,a,r,e
flash,f,l,a,s,h
flask,f,l,a,s,k
flats,f,l,a,t,s
flaws,f,l,a,w,s
flays,f,l,a,y,s
fleas,f,l,e,a,s
fleck,f,l,e,c,k
flees,f,l,e,e,s
fleet,f,l,e,e,t
flesh,f,l,e,s,h
flick,f,l,i,c,k
flier,f,l,i,e,r
flies,f,l,i,e,s
fling,f,l,i,n,g
float,f,l,o,a,t
flood,f,l,o,o,d
floor,f,l,o,o,r
flour,f,l,o,u,r
flown,f,l,o,w,n
flows,f,l,o,w,s
fluid,f,l,u,i,d
flyer,f,l,y,e,r
focal,f,o,c,a,l
focus,f,o,c,u,s
folks,f,o,l,k,s
fonts,f,o,n,t,s
foods,f,o,o,d,s
force,f,o,r,c,e
forms,f,o,r,m,s
forth,f,o,r,t,h
forty,f,o,r,t,y
forum,f,o,r,u,m
found,f,o,u,n,d
frame,f,r,a,m,e
fraud,f,r,a,u,d
fresh,f,r,e,s,h
fried,f,r,i,e,d
fries,f,r,i,e,s
front,f,r,o,n,t
frost,f,r,o,s,t
fruit,f,r,u,i,t
fuels,f,u,e,l,s
fully,f,u,l,l,y
funds,f,u,n,d,s
funny,f,u,n,n,y
gains,g,a,i,n,s
games,g,a,m,e,s
gamma,g,a,m,m,a
gases,g,a,s,e,s
gates,g,a,t,e,s
gauge,g,a,u,g,e
gears,g,e,a,r,s
genes,g,e,n,e,s
genre,g,e,n,r,e
ghost,g,h,o,s,t
giant,g,i,a,n,t
gifts,g,i,f,t,s
girls,g,i,r,l,s
given,g,i,v,e,n
gives,g,i,v,e,s
gland,g,l,a,n,d
glass,g,l,a,s,s
globe,g,l,o,b,e
glory,g,l,o,r,y
gloss,g,l,o,s,s
glove,g,l,o,v,e
glued,g,l,u,e,d
goals,g,o,a,l,s
goats,g,o,a,t,s
going,g,o,i,n,g
goods,g,o,o,d,s
grace,g,r,a,c,e
grade,g,r,a,d,e
grain,g,r,a,i,n
grams,g,r,a,m,s
grand,g,r,a,n,d
grant,g,r,a,n,t
grape,g,r,a,p,e
graph,g,r,a,p,h
grasp,g,r,a,s,p
grass,g,r,a,s,s
grave,g,r,a,v,e
great,g,r,e,a,t
greek,g,r,e,e,k
green,g,r,e,e,n
greet,g,r,e,e,t
grief,g,r,i,e,f
grill,g,r,i,l,l
grind,g,r,i,n,d
grips,g,r,i,p,s
gross,g,r,o,s,s
group,g,r,o,u,p
grove,g,r,o,v,e
grown,g,r,o,w,n
grows,g,r,o,w,s
guard,g,u,a,r,d
guess,g,u,e,s,s
guest,g,u,e,s,t
guide,g,u,i,d,e
guild,g,u,i,l,d
guilt,g,u,i,l,t
habit,h,a,b,i,t
hairs,h,a,i,r,s
halls,h,a,l,l,s
hands,h,a,n,d,s
handy,h,a,n,d,y
hangs,h,a,n,g,s
happy,h,a,p,p,y
harsh,h,a,r,s,h
hated,h,a,t,e,d
hates,h,a,t,e,s
haven,h,a,v,e,n
hawks,h,a,w,k,s
heads,h,e,a,d,s
heard,h,e,a,r,d
heart,h,e,a,r,t
heavy,h,e,a,v,y
hedge,h,e,d,g,e
heels,h,e,e,l,s
hello,h,e,l,l,o
helps,h,e,l,p,s
hence,h,e,n,c,e
herbs,h,e,r,b,s
highs,h,i,g,h,s
hills,h,i,l,l,s
hints,h,i,n,t,s
hired,h,i,r,e,d
hobby,h,o,b,b,y
holds,h,o,l,d,s
holes,h,o,l,e,s
holly,h,o,l,l,y
homes,h,o,m,e,s
honey,h,o,n,e,y
honor,h,o,n,o,r
hooks,h,o,o,k,s
hoped,h,o,p,e,d
hopes,h,o,p,e,s
horns,h,o,r,n,s
horse,h,o,r,s,e
hosts,h,o,s,t,s
hotel,h,o,t,e,l
hours,h,o,u,r,s
house,h,o,u,s,e
hover,h,o,v,e,r
human,h,u,m,a,n
humor,h,u,m,o,r
hurts,h,u,r,t,s
icons,i,c,o,n,s
ideal,i,d,e,a,l
ideas,i,d,e,a,s
idiot,i,d,i,o,t
image,i,m,a,g,e
imply,i,m,p,l,y
inbox,i,n,b,o,x
incur,i,n,c,u,r
index,i,n,d,e,x
indie,i,n,d,i,e
inner,i,n,n,e,r
input,i,n,p,u,t
intro,i,n,t,r,o
issue,i,s,s,u,e
items,i,t,e,m,s
jeans,j,e,a,n,s
jelly,j,e,l,l,y
jewel,j,e,w,e,l
joins,j,o,i,n,s
joint,j,o,i,n,t
jokes,j,o,k,e,s
judge,j,u,d,g,e
juice,j,u,i,c,e
juicy,j,u,i,c,y
jumps,j,u,m,p,s
keeps,k,e,e,p,s
kicks,k,i,c,k,s
kills,k,i,l,l,s
kinda,k,i,n,d,a
kinds,k,i,n,d,s
kings,k,i,n,g,s
knees,k,n,e,e,s
knife,k,n,i,f,e
knock,k,n,o,c,k
knots,k,n,o,t,s
known,k,n,o,w,n
knows,k,n,o,w,s
label,l,a,b,e,l
labor,l,a,b,o,r
lacks,l,a,c,k,s
lakes,l,a,k,e,s
lamps,l,a,m,p,s
lands,l,a,n,d,s
lanes,l,a,n,e,s
large,l,a,r,g,e
laser,l,a,s,e,r
lasts,l,a,s,t,s
later,l,a,t,e,r
laugh,l,a,u,g,h
layer,l,a,y,e,r
leads,l,e,a,d,s
leaks,l,e,a,k,s
learn,l,e,a,r,n
lease,l,e,a,s,e
least,l,e,a,s,t
leave,l,e,a,v,e
legal,l,e,g,a,l
lemon,l,e,m,o,n
level,l,e,v,e,l
lever,l,e,v,e,r
light,l,i,g,h,t
liked,l,i,k,e,d
likes,l,i,k,e,s
limbs,l,i,m,b,s
limit,l,i,m,i,t
lined,l,i,n,e,d
linen,l,i,n,e,n
liner,l,i,n,e,r
lines,l,i,n,e,s
links,l,i,n,k,s
lions,l,i,o,n,s
lists,l,i,s,t,s
lived,l,i,v,e,d
liver,l,i,v,e,r
lives,l,i,v,e,s
loads,l,o,a,d,s
loans,l,o,a,n,s
lobby,l,o,b,b,y
local,l,o,c,a,l
locks,l,o,c,k,s
lodge,l,o,d,g,e
logic,l,o,g,i,c
logos,l,o,g,o,s
looks,l,o,o,k,s
loops,l,o,o,p,s
loose,l,o,o,s,e
lords,l,o,r,d,s
loses,l,o,s,e,s
loved,l,o,v,e,d
lover,l,o,v,e,r
loves,l,o,v,e,s
lower,l,o,w,e,r
loyal,l,o,y,a,l
lucky,l,u,c,k,y
lunar,l,u,n,a,r
lunch,l,u,n,c,h
lungs,l,u,n,g,s
lying,l,y,i,n,g
macro,m,a,c,r,o
magic,m,a,g,i,c
major,m,a,j,o,r
maker,m,a,k,e,r
makes,m,a,k,e,s
males,m,a,l,e,s
maple,m,a,p,l,e
march,m,a,r,c,h
marks,m,a,r,k,s
marry,m,a,r,r,y
masks,m,a,s,k,s
match,m,a,t,c,h
mates,m,a,t,e,s
maths,m,a,t,h,s
matte,m,a,t,t,e
maybe,m,a,y,b,e
mayor,m,a,y,o,r
meals,m,e,a,l,s
means,m,e,a,n,s
meant,m,e,a,n,t
meats,m,e,a,t,s
medal,m,e,d,a,l
media,m,e,d,i,a
meets,m,e,e,t,s
melee,m,e,l,e,e
menus,m,e,n,u,s
mercy,m,e,r,c,y
merge,m,e,r,g,e
merit,m,e,r,i,t
merry,m,e,r,r,y
messy,m,e,s,s,y
metal,m,e,t,a,l
meter,m,e,t,e,r
metro,m,e,t,r,o
micro,m,i,c,r,o
midst,m,i,d,s,t
might,m,i,g,h,t
miles,m,i,l,e,s
minds,m,i,n,d,s
mines,m,i,n,e,s
minor,m,i,n,o,r
minus,m,i,n,u,s
mixed,m,i,x,e,d
mixer,m,i,x,e,r
mixes,m,i,x,e,s
model,m,o,d,e,l
modem,m,o,d,e,m
modes,m,o,d,e,s
moist,m,o,i,s,t
money,m,o,n,e,y
month,m,o,n,t,h
moral,m,o,r,a,l
motor,m,o,t,o,r
mount,m,o,u,n,t
mouse,m,o,u,s,e
mouth,m,o,u,t,h
moved,m,o,v,e,d
moves,m,o,v,e,s
movie,m,o,v,i,e
music,m,u,s,i,c
myths,m,y,t,h,s
nails,n,a,i,l,s
naked,n,a,k,e,d
named,n,a,m,e,d
names,n,a,m,e,s
nasal,n,a,s,a,l
nasty,n,a,s,t,y
naval,n,a,v,a,l
needs,n,e,e,d,s
nerve,n,e,r,v,e
never,n,e,v,e,r
newer,n,e,w,e,r
newly,n,e,w,l,y
nexus,n,e,x,u,s
nicer,n,i,c,e,r
niche,n,i,c,h,e
night,n,i,g,h,t
ninja,n,i,n,j,a
ninth,n,i,n,t,h
noble,n,o,b,l,e
nodes,n,o,d,e,s
noise,n,o,i,s,e
noisy,n,o,i,s,y
norms,n,o,r,m,s
north,n,o,r,t,h
notch,n,o,t,c,h
noted,n,o,t,e,d
notes,n,o,t,e,s
novel,n,o,v,e,l
nurse,n,u,r,s,e
nylon,n,y,l,o,n
oasis,o,a,s,i,s
occur,o,c,c,u,r
ocean,o,c,e,a,n
offer,o,f,f,e,r
often,o,f,t,e,n
older,o,l,d,e,r
olive,o,l,i,v,e
omega,o,m,e,g,a
onion,o,n,i,o,n
onset,o,n,s,e,t
opens,o,p,e,n,s
opera,o,p,e,r,a
opted,o,p,t,e,d
optic,o,p,t,i,c
orbit,o,r,b,i,t
order,o,r,d,e,r
organ,o,r,g,a,n
other,o,t,h,e,r
ought,o,u,g,h,t
ounce,o,u,n,c,e
outer,o,u,t,e,r
owned,o,w,n,e,d
owner,o,w,n,e,r
oxide,o,x,i,d,e
packs,p,a,c,k,s
pages,p,a,g,e,s
pains,p,a,i,n,s
paint,p,a,i,n,t
pairs,p,a,i,r,s
panel,p,a,n,e,l
panic,p,a,n,i,c
pants,p,a,n,t,s
paper,p,a,p,e,r
parks,p,a,r,k,s
parts,p,a,r,t,s
party,p,a,r,t,y
pasta,p,a,s,t,a
paste,p,a,s,t,e
patch,p,a,t,c,h
paths,p,a,t,h,s
patio,p,a,t,i,o
pause,p,a,u,s,e
peace,p,e,a,c,e
peach,p,e,a,c,h
peaks,p,e,a,k,s
pearl,p,e,a,r,l
pedal,p,e,d,a,l
peers,p,e,e,r,s
penis,p,e,n,i,s
penny,p,e,n,n,y
perks,p,e,r,k,s
pests,p,e,s,t,s
petty,p,e,t,t,y
phase,p,h,a,s,e
phone,p,h,o,n,e
photo,p,h,o,t,o
piano,p,i,a,n,o
picks,p,i,c,k,s
piece,p,i,e,c,e
piles,p,i,l,e,s
pills,p,i,l,l,s
pilot,p,i,l,o,t
pinch,p,i,n,c,h
pipes,p,i,p,e,s
pitch,p,i,t,c,h
pixel,p,i,x,e,l
pizza,p,i,z,z,a
place,p,l,a,c,e
plain,p,l,a,i,n
plane,p,l,a,n,e
plans,p,l,a,n,s
plant,p,l,a,n,t
plate,p,l,a,t,e
plays,p,l,a,y,s
plaza,p,l,a,z,a
plots,p,l,o,t,s
plugs,p,l,u,g,s
poems,p,o,e,m,s
point,p,o,i,n,t
poker,p,o,k,e,r
polar,p,o,l,a,r
poles,p,o,l,e,s
polls,p,o,l,l,s
pools,p,o,o,l,s
porch,p,o,r,c,h
pores,p,o,r,e,s
ports,p,o,r,t,s
posed,p,o,s,e,d
poses,p,o,s,e,s
posts,p,o,s,t,s
pouch,p,o,u,c,h
pound,p,o,u,n,d
power,p,o,w,e,r
press,p,r,e,s,s
price,p,r,i,c,e
pride,p,r,i,d,e
prime,p,r,i,m,e
print,p,r,i,n,t
prior,p,r,i,o,r
prize,p,r,i,z,e
probe,p,r,o,b,e
promo,p,r,o,m,o
prone,p,r,o,n,e
proof,p,r,o,o,f
props,p,r,o,p,s
proud,p,r,o,u,d
prove,p,r,o,v,e
proxy,p,r,o,x,y
psalm,p,s,a,l,m
pulls,p,u,l,l,s
pulse,p,u,l,s,e
pumps,p,u,m,p,s
punch,p,u,n,c,h
pupil,p,u,p,i,l
puppy,p,u,p,p,y
purse,p,u,r,s,e
queen,q,u,e,e,n
query,q,u,e,r,y
quest,q,u,e,s,t
queue,q,u,e,u,e
quick,q,u,i,c,k
quiet,q,u,i,e,t
quilt,q,u,i,l,t
quite,q,u,i,t,e
quote,q,u,o,t,e
races,r,a,c,e,s
racks,r,a,c,k,s
radar,r,a,d,a,r
radio,r,a,d,i,o
rails,r,a,i,l,s
rainy,r,a,i,n,y
raise,r,a,i,s,e
rally,r,a,l,l,y
ranch,r,a,n,c,h
range,r,a,n,g,e
ranks,r,a,n,k,s
rapid,r,a,p,i,d
rated,r,a,t,e,d
rates,r,a,t,e,s
ratio,r,a,t,i,o
razor,r,a,z,o,r
reach,r,e,a,c,h
react,r,e,a,c,t
reads,r,e,a,d,s
ready,r,e,a,d,y
realm,r,e,a,l,m
rebel,r,e,b,e,l
refer,r,e,f,e,r
reign,r,e,i,g,n
relax,r,e,l,a,x
relay,r,e,l,a,y
renal,r,e,n,a,l
renew,r,e,n,e,w
reply,r,e,p,l,y
reset,r,e,s,e,t
resin,r,e,s,i,n
retro,r,e,t,r,o
rider,r,i,d,e,r
rides,r,i,d,e,s
ridge,r,i,d,g,e
rifle,r,i,f,l,e
right,r,i,g,h,t
rigid,r,i,g,i,d
rings,r,i,n,g,s
rinse,r,i,n,s,e
risen,r,i,s,e,n
rises,r,i,s,e,s
risks,r,i,s,k,s
risky,r,i,s,k,y
rival,r,i,v,a,l
river,r,i,v,e,r
roads,r,o,a,d,s
robot,r,o,b,o,t
rocks,r,o,c,k,s
rocky,r,o,c,k,y
rogue,r,o,g,u,e
roles,r,o,l,e,s
rolls,r,o,l,l,s
roman,r,o,m,a,n
rooms,r,o,o,m,s
roots,r,o,o,t,s
ropes,r,o,p,e,s
roses,r,o,s,e,s
rough,r,o,u,g,h
round,r,o,u,n,d
route,r,o,u,t,e
royal,r,o,y,a,l
rugby,r,u,g,b,y
ruins,r,u,i,n,s
ruled,r,u,l,e,d
ruler,r,u,l,e,r
rules,r,u,l,e,s
rural,r,u,r,a,l
sadly,s,a,d,l,y
safer,s,a,f,e,r
salad,s,a,l,a,d
sales,s,a,l,e,s
salon,s,a,l,o,n
sandy,s,a,n,d,y
satin,s,a,t,i,n
sauce,s,a,u,c,e
saved,s,a,v,e,d
saves,s,a,v,e,s
scale,s,c,a,l,e
scalp,s,c,a,l,p
scans,s,c,a,n,s
scare,s,c,a,r,e
scarf,s,c,a,r,f
scary,s,c,a,r,y
scene,s,c,e,n,e
scent,s,c,e,n,t
scoop,s,c,o,o,p
scope,s,c,o,p,e
score,s,c,o,r,e
scout,s,c,o,u,t
scrap,s,c,r,a,p
screw,s,c,r,e,w
seals,s,e,a,l,s
seams,s,e,a,m,s
seats,s,e,a,t,s
seeds,s,e,e,d,s
seeks,s,e,e,k,s
seems,s,e,e,m,s
sells,s,e,l,l,s
sends,s,e,n,d,s
sense,s,e,n,s,e
serum,s,e,r,u,m
serve,s,e,r,v,e
setup,s,e,t,u,p
seven,s,e,v,e,n
sewer,s,e,w,e,r
shade,s,h,a,d,e
shaft,s,h,a,f,t
shake,s,h,a,k,e
shall,s,h,a,l,l
shame,s,h,a,m,e
shape,s,h,a,p,e
share,s,h,a,r,e
shark,s,h,a,r,k
sharp,s,h,a,r,p
sheep,s,h,e,e,p
sheer,s,h,e,e,r
sheet,s,h,e,e,t
shelf,s,h,e,l,f
shell,s,h,e,l,l
shift,s,h,i,f,t
shine,s,h,i,n,e
shiny,s,h,i,n,y
ships,s,h,i,p,s
shirt,s,h,i,r,t
shock,s,h,o,c,k
shoes,s,h,o,e,s
shook,s,h,o,o,k
shoot,s,h,o,o,t
shops,s,h,o,p,s
shore,s,h,o,r,e
short,s,h,o,r,t
shots,s,h,o,t,s
shown,s,h,o,w,n
shows,s,h,o,w,s
sides,s,i,d,e,s
siege,s,i,e,g,e
sight,s,i,g,h,t
sigma,s,i,g,m,a
signs,s,i,g,n,s
silly,s,i,l,l,y
since,s,i,n,c,e
sites,s,i,t,e,s
sixth,s,i,x,t,h
sized,s,i,z,e,d
sizes,s,i,z,e,s
skies,s,k,i,e,s
skill,s,k,i,l,l
skins,s,k,i,n,s
skirt,s,k,i,r,t
skull,s,k,u,l,l
slate,s,l,a,t,e
slave,s,l,a,v,e
sleek,s,l,e,e,k
sleep,s,l,e,e,p
slept,s,l,e,p,t
slice,s,l,i,c,e
slide,s,l,i,d,e
slope,s,l,o,p,e
slots,s,l,o,t,s
small,s,m,a,l,l
smart,s,m,a,r,t
smell,s,m,e,l,l
smile,s,m,i,l,e
smoke,s,m,o,k,e
snack,s,n,a,c,k
snake,s,n,a,k,e
sneak,s,n,e,a,k
socks,s,o,c,k,s
soils,s,o,i,l,s
solar,s,o,l,a,r
solid,s,o,l,i,d
solve,s,o,l,v,e
songs,s,o,n,g,s
sonic,s,o,n,i,c
sorry,s,o,r,r,y
sorts,s,o,r,t,s
souls,s,o,u,l,s
sound,s,o,u,n,d
south,s,o,u,t,h
space,s,p,a,c,e
spare,s,p,a,r,e
spark,s,p,a,r,k
speak,s,p,e,a,k
specs,s,p,e,c,s
speed,s,p,e,e,d
spell,s,p,e,l,l
spend,s,p,e,n,d
spent,s,p,e,n,t
sperm,s,p,e,r,m
spice,s,p,i,c,e
spicy,s,p,i,c,y
spike,s,p,i,k,e
spine,s,p,i,n,e
spite,s,p,i,t,e
split,s,p,l,i,t
spoke,s,p,o,k,e
spoon,s,p,o,o,n
sport,s,p,o,r,t
spots,s,p,o,t,s
spray,s,p,r,a,y
spurs,s,p,u,r,s
squad,s,q,u,a,d
stack,s,t,a,c,k
staff,s,t,a,f,f
stage,s,t,a,g,e
stain,s,t,a,i,n
stake,s,t,a,k,e
stamp,s,t,a,m,p
stand,s,t,a,n,d
stark,s,t,a,r,k
stars,s,t,a,r,s
start,s,t,a,r,t
state,s,t,a,t,e
stats,s,t,a,t,s
stays,s,t,a,y,s
steak,s,t,e,a,k
steal,s,t,e,a,l
steam,s,t,e,a,m
steel,s,t,e,e,l
steep,s,t,e,e,p
steer,s,t,e,e,r
stems,s,t,e,m,s
steps,s,t,e,p,s
stick,s,t,i,c,k
stiff,s,t,i,f,f
still,s,t,i,l,l
stock,s,t,o,c,k
stole,s,t,o,l,e
stone,s,t,o,n,e
stood,s,t,o,o,d
stool,s,t,o,o,l
stops,s,t,o,p,s
store,s,t,o,r,e
storm,s,t,o,r,m
story,s,t,o,r,y
stove,s,t,o,v,e
strap,s,t,r,a,p
straw,s,t,r,a,w
strip,s,t,r,i,p
stuck,s,t,u,c,k
study,s,t,u,d,y
stuff,s,t,u,f,f
style,s,t,y,l,e
sucks,s,u,c,k,s
sugar,s,u,g,a,r
suite,s,u,i,t,e
suits,s,u,i,t,s
sunny,s,u,n,n,y
super,s,u,p,e,r
surge,s,u,r,g,e
sushi,s,u,s,h,i
swear,s,w,e,a,r
sweat,s,w,e,a,t
sweet,s,w,e,e,t
swept,s,w,e,p,t
swift,s,w,i,f,t
swing,s,w,i,n,g
swiss,s,w,i,s,s
sword,s,w,o,r,d
syrup,s,y,r,u,p
table,t,a,b,l,e
taken,t,a,k,e,n
takes,t,a,k,e,s
tales,t,a,l,e,s
talks,t,a,l,k,s
tanks,t,a,n,k,s
tapes,t,a,p,e,s
tasks,t,a,s,k,s
taste,t,a,s,t,e
tasty,t,a,s,t,y
taxes,t,a,x,e,s
teach,t,e,a,c,h
teams,t,e,a,m,s
tears,t,e,a,r,s
teens,t,e,e,n,s
teeth,t,e,e,t,h
tells,t,e,l,l,s
tempo,t,e,m,p,o
tends,t,e,n,d,s
tenth,t,e,n,t,h
tents,t,e,n,t,s
terms,t,e,r,m,s
tests,t,e,s,t,s
texts,t,e,x,t,s
thank,t,h,a,n,k
theft,t,h,e,f,t
their,t,h,e,i,r
theme,t,h,e,m,e
there,t,h,e,r,e
these,t,h,e,s,e
thick,t,h,i,c,k
thief,t,h,i,e,f
thigh,t,h,i,g,h
thing,t,h,i,n,g
think,t,h,i,n,k
third,t,h,i,r,d
those,t,h,o,s,e
three,t,h,r,e,e
threw,t,h,r,e,w
throw,t,h,r,o,w
thumb,t,h,u,m,b
tiger,t,i,g,e,r
tight,t,i,g,h,t
tiles,t,i,l,e,s
timer,t,i,m,e,r
times,t,i,m,e,s
tired,t,i,r,e,d
tires,t,i,r,e,s
title,t,i,t,l,e
toast,t,o,a,s,t
today,t,o,d,a,y
token,t,o,k,e,n
tones,t,o,n,e,s
tools,t,o,o,l,s
tooth,t,o,o,t,h
topic,t,o,p,i,c
torch,t,o,r,c,h
total,t,o,t,a,l
touch,t,o,u,c,h
tough,t,o,u,g,h
tours,t,o,u,r,s
towel,t,o,w,e,l
tower,t,o,w,e,r
towns,t,o,w,n,s
toxic,t,o,x,i,c
trace,t,r,a,c,e
track,t,r,a,c,k
tract,t,r,a,c,t
trade,t,r,a,d,e
trail,t,r,a,i,l
train,t,r,a,i,n
trait,t,r,a,i,t
trans,t,r,a,n,s
traps,t,r,a,p,s
trash,t,r,a,s,h
treat,t,r,e,a,t
trees,t,r,e,e,s
trend,t,r,e,n,d
trial,t,r,i,a,l
tribe,t,r,i,b,e
trick,t,r,i,c,k
tried,t,r,i,e,d
tries,t,r,i,e,s
trips,t,r,i,p,s
trout,t,r,o,u,t
truck,t,r,u,c,k
truly,t,r,u,l,y
trump,t,r,u,m,p
trunk,t,r,u,n,k
trust,t,r,u,s,t
truth,t,r,u,t,h
tubes,t,u,b,e,s
tumor,t,u,m,o,r
tuned,t,u,n,e,d
tunes,t,u,n,e,s
turbo,t,u,r,b,o
turns,t,u,r,n,s
tutor,t,u,t,o,r
tweet,t,w,e,e,t
twice,t,w,i,c,e
twins,t,w,i,n,s
twist,t,w,i,s,t
types,t,y,p,e,s
tyres,t,y,r,e,s
ultra,u,l,t,r,a
uncle,u,n,c,l,e
under,u,n,d,e,r
union,u,n,i,o,n
unite,u,n,i,t,e
units,u,n,i,t,s
unity,u,n,i,t,y
until,u,n,t,i,l
upper,u,p,p,e,r
upset,u,p,s,e,t
urban,u,r,b,a,n
urged,u,r,g,e,d
urine,u,r,i,n,e
usage,u,s,a,g,e
users,u,s,e,r,s
using,u,s,i,n,g
usual,u,s,u,a,l
vague,v,a,g,u,e
valid,v,a,l,i,d
value,v,a,l,u,e
valve,v,a,l,v,e
vapor,v,a,p,o,r
vault,v,a,u,l,t
vegan,v,e,g,a,n
veins,v,e,i,n,s
vents,v,e,n,t,s
venue,v,e,n,u,e
verse,v,e,r,s,e
video,v,i,d,e,o
views,v,i,e,w,s
villa,v,i,l,l,a
vinyl,v,i,n,y,l
viral,v,i,r,a,l
virus,v,i,r,u,s
visas,v,i,s,a,s
visit,v,i,s,i,t
vital,v,i,t,a,l
vivid,v,i,v,i,d
vocal,v,o,c,a,l
vodka,v,o,d,k,a
voice,v,o,i,c,e
volts,v,o,l,t,s
voted,v,o,t,e,d
voter,v,o,t,e,r
votes,v,o,t,e,s
wages,w,a,g,e,s
wagon,w,a,g,o,n
waist,w,a,i,s,t
walks,w,a,l,k,s
walls,w,a,l,l,s
wants,w,a,n,t,s
warns,w,a,r,n,s
waste,w,a,s,t,e
watch,w,a,t,c,h
water,w,a,t,e,r
watts,w,a,t,t,s
waves,w,a,v,e,s
wears,w,e,a,r,s
weeds,w,e,e,d,s
weeks,w,e,e,k,s
weigh,w,e,i,g,h
weird,w,e,i,r,d
wells,w,e,l,l,s
welsh,w,e,l,s,h
whale,w,h,a,l,e
wheat,w,h,e,a,t
wheel,w,h,e,e,l
where,w,h,e,r,e
which,w,h,i,c,h
while,w,h,i,l,e
white,w,h,i,t,e
whole,w,h,o,l,e
whose,w,h,o,s,e
wider,w,i,d,e,r
widow,w,i,d,o,w
width,w,i,d,t,h
winds,w,i,n,d,s
wines,w,i,n,e,s
wings,w,i,n,g,s
wiped,w,i,p,e,d
wired,w,i,r,e,d
wires,w,i,r,e,s
witch,w,i,t,c,h
wives,w,i,v,e,s
woman,w,o,m,a,n
women,w,o,m,e,n
woods,w,o,o,d,s
words,w,o,r,d,s
works,w,o,r,k,s
world,w,o,r,l,d
worms,w,o,r,m,s
worry,w,o,r,r,y
worse,w,o,r,s,e
worst,w,o,r,s,t
worth,w,o,r,t,h
would,w,o,u,l,d
wound,w,o,u,n,d
wrath,w,r,a,t,h
wrist,w,r,i,s,t
write,w,r,i,t,e
wrong,w,r,o,n,g
wrote,w,r,o,t,e
yacht,y,a,c,h,t
yards,y,a,r,d,s
years,y,e,a,r,s
yeast,y,e,a,s,t
yield,y,i,e,l,d
young,y,o,u,n,g
yours,y,o,u,r,s
youth,y,o,u,t,h
yummy,y,u,m,m,y
zones,z,o,n,e,s
